{"train_obj": 1.7414294054110846, "val_obj": 2.393972109003765, "eval_obj": 2.370887559361574, "stop_metric": 2.393972109003765, "_timestamp": 1681955072.5834806, "_runtime": 133.2503535747528, "_step": 2}