{"train_obj": 1.963400571445624, "val_obj": 2.519899466052288, "eval_obj": 2.4354121030830758, "stop_metric": 2.519899466052288, "_timestamp": 1681954762.013925, "_runtime": 81.17002415657043, "_step": 1}