{"train_obj": 1.4807148730754853, "val_obj": 2.317569073562215, "eval_obj": 2.2707727398814224, "stop_metric": 2.317569073562215, "_timestamp": 1681955362.1022758, "_runtime": 237.04760575294495, "_step": 4}